City,Product,ds,y
Adama,Adidas Ultraboost,2024-01-20,489.68
Adama,Adidas Ultraboost,2024-02-06,188.62
Adama,Apple Watch Series 8,2024-01-04,70.26
Adama,Apple Watch Series 8,2024-01-07,281.74
Adama,Apple Watch Series 8,2024-01-16,414.08
Adama,Apple Watch Series 8,2024-01-23,122.35
Adama,Apple Watch Series 8,2024-01-25,479.87
Adama,Apple Watch Series 8,2024-01-31,427.49
Adama,Asus ROG Gaming Laptop,2024-01-10,205.1
Adama,Asus ROG Gaming Laptop,2024-01-12,416.48
Adama,Asus ROG Gaming Laptop,2024-01-21,93.98
Adama,Blender Bottle,2024-01-08,167.71
Adama,Blender Bottle,2024-01-16,348.86
Adama,Blender Bottle,2024-01-21,298.12
Adama,Blender Bottle,2024-01-28,409.69
Adama,Blender Bottle,2024-01-31,146.64
Adama,Blender Bottle,2024-02-03,118.62
Adama,Blender Bottle,2024-02-05,156.14
Adama,Bose QuietComfort 35,2024-01-04,14.41
Adama,Bose QuietComfort 35,2024-01-30,402.54
Adama,Bose QuietComfort 35,2024-02-10,401.79
Adama,Bose SoundLink Speaker,2024-01-21,344.2
Adama,Bose SoundLink Speaker,2024-01-31,184.6
Adama,Canon EOS R5 Camera,2024-01-05,258.58
Adama,Canon EOS R5 Camera,2024-01-14,252.4
Adama,Canon EOS R5 Camera,2024-02-02,202.0
Adama,Canon EOS R5 Camera,2024-02-05,257.54
Adama,Canon EOS R5 Camera,2024-02-06,380.34
Adama,Car Seat Cover,2024-01-02,413.4
Adama,Car Seat Cover,2024-01-10,361.4
Adama,Car Seat Cover,2024-01-18,373.96
Adama,Car Seat Cover,2024-01-19,246.79
Adama,Car Seat Cover,2024-02-01,43.36
Adama,Car Seat Cover,2024-02-06,460.95
Adama,Dell XPS 13 Laptop,2024-01-02,370.51
Adama,Dell XPS 13 Laptop,2024-01-28,208.23
Adama,Desk Organizer,2024-01-04,12.81
Adama,Desk Organizer,2024-01-10,102.94
Adama,Desk Organizer,2024-01-22,333.69
Adama,Desk Organizer,2024-01-24,188.74
Adama,Desk Organizer,2024-02-07,327.76
Adama,Fitbit Charge 5,2024-01-11,220.8
Adama,Fitbit Charge 5,2024-01-20,270.9
Adama,Fitbit Charge 5,2024-01-23,102.87
Adama,Fossil Watch,2024-01-16,193.36
Adama,Fossil Watch,2024-01-26,361.67
Adama,Fossil Watch,2024-01-31,273.03
Adama,Fossil Watch,2024-02-09,589.82
Adama,GoPro Hero 11,2024-01-07,76.28
Adama,GoPro Hero 11,2024-01-19,91.75
Adama,GoPro Hero 11,2024-01-28,365.31
Adama,GoPro Hero 11,2024-02-06,146.83
Adama,GoPro Hero 11,2024-02-09,382.37
Adama,Harry Potter Box Set,2024-01-06,310.92
Adama,Harry Potter Box Set,2024-01-20,170.12
Adama,Harry Potter Box Set,2024-02-03,404.5
Adama,Harry Potter Box Set,2024-02-05,42.12
Adama,Harry Potter Box Set,2024-02-10,247.0
Adama,Jabra Elite 75t,2024-01-11,478.58
Adama,Jabra Elite 75t,2024-02-02,165.31
Adama,Jabra Elite 75t,2024-02-08,45.69
Adama,KitchenAid Mixer,2024-01-20,87.29
Adama,KitchenAid Mixer,2024-01-26,955.78
Adama,KitchenAid Mixer,2024-01-28,317.96
Adama,KitchenAid Mixer,2024-02-03,34.55
Adama,KitchenAid Mixer,2024-02-05,46.35
Adama,LG Refrigerator,2024-01-15,331.61
Adama,LG Refrigerator,2024-02-03,220.36999999999998
Adama,LG Refrigerator,2024-02-08,478.08
Adama,Levi’s 501 Jeans,2024-01-14,323.05
Adama,Levi’s 501 Jeans,2024-01-23,387.03
Adama,Levi’s 501 Jeans,2024-01-30,340.53
Adama,Levi’s Jacket,2024-01-15,233.43
Adama,Levi’s Jacket,2024-02-04,352.79
Adama,L’Oreal Face Cream,2024-01-03,55.99
Adama,L’Oreal Face Cream,2024-01-16,468.64
Adama,L’Oreal Face Cream,2024-01-27,225.18
Adama,L’Oreal Face Cream,2024-01-31,467.82
Adama,L’Oreal Face Cream,2024-02-01,26.5
Adama,Maybelline Mascara,2024-01-18,378.4
Adama,Maybelline Mascara,2024-01-23,118.33
Adama,Maybelline Mascara,2024-01-27,92.53
Adama,Monopoly Board Game,2024-01-19,385.51
Adama,Monopoly Board Game,2024-01-26,257.59
Adama,Monopoly Board Game,2024-01-31,99.07
Adama,Monopoly Board Game,2024-02-10,206.81
Adama,Nike T-Shirt,2024-01-04,47.17
Adama,Nike T-Shirt,2024-01-07,24.89
Adama,Nike T-Shirt,2024-01-24,438.94
Adama,Nike T-Shirt,2024-01-30,403.22
Adama,Nintendo Switch,2024-01-01,143.11
Adama,Nintendo Switch,2024-01-10,142.63
Adama,Nintendo Switch,2024-01-14,160.06
Adama,Nintendo Switch,2024-01-26,453.94
Adama,Nintendo Switch,2024-02-07,483.12
Adama,Oculus Quest 2,2024-01-31,402.41
Adama,Oculus Quest 2,2024-02-05,267.41
Adama,Oculus Quest 2,2024-02-06,388.62
Adama,Oculus Quest 2,2024-02-08,335.93
Adama,Office Chair,2024-01-15,430.52
Adama,Office Chair,2024-01-17,387.11
Adama,Office Chair,2024-01-26,131.12
Adama,Office Chair,2024-01-31,693.44
Adama,Office Chair,2024-02-02,480.97
Adama,Philips Hue Smart Bulbs,2024-01-13,203.41
Adama,Philips Hue Smart Bulbs,2024-01-18,379.85
Adama,Philips Hue Smart Bulbs,2024-01-22,24.96
Adama,Philips Hue Smart Bulbs,2024-02-07,391.5
Adama,Philips Hue Smart Bulbs,2024-02-09,236.38
Adama,Puma Running Shoes,2024-01-04,299.73
Adama,Puma Running Shoes,2024-01-07,387.4
Adama,Puma Running Shoes,2024-01-17,75.29
Adama,Puma Running Shoes,2024-01-23,288.44
Adama,Samsung Galaxy S23,2024-01-01,69.0
Adama,Samsung Galaxy S23,2024-01-17,25.37
Adama,Samsung Galaxy S23,2024-01-26,418.08
Adama,Samsung Galaxy S23,2024-02-08,401.06
Adama,Samsung Galaxy S23,2024-02-09,265.6
Adama,Samsung Smartwatch,2024-01-01,394.38
Adama,Samsung Smartwatch,2024-01-02,135.65
Adama,Samsung Smartwatch,2024-01-13,333.22
Adama,Samsung Smartwatch,2024-01-21,98.01
Adama,Seiko Watch,2024-01-13,19.33
Adama,Seiko Watch,2024-01-29,46.99
Adama,Seiko Watch,2024-01-31,55.03
Adama,Seiko Watch,2024-02-03,399.94
Adama,Seiko Watch,2024-02-06,65.14
Adama,Seiko Watch,2024-02-10,179.18
Adama,Smeg Coffee Machine,2024-01-08,493.04
Adama,Smeg Coffee Machine,2024-01-14,211.59
Adama,Smeg Coffee Machine,2024-01-17,463.39
Adama,Sony Bravia 4K TV,2024-01-23,292.59
Adama,Sony Bravia 4K TV,2024-02-06,255.83
Adama,Sony Bravia 4K TV,2024-02-08,450.48
Adama,Sony Bravia 4K TV,2024-02-11,288.59
Adama,Sony PlayStation 5,2024-01-03,41.3
Adama,Sony PlayStation 5,2024-01-10,197.47
Adama,Sony PlayStation 5,2024-01-11,452.65
Adama,Sony PlayStation 5,2024-01-20,323.93
Adama,TCL Smart TV,2024-01-05,355.96
Adama,TCL Smart TV,2024-01-14,90.91
Adama,TCL Smart TV,2024-01-25,381.01
Adama,TCL Smart TV,2024-02-06,244.9
Adama,Under Armour Hoodie,2024-01-04,282.58
Adama,Under Armour Hoodie,2024-01-13,103.28
Adama,Under Armour Hoodie,2024-01-14,251.45
Adama,Under Armour Hoodie,2024-01-16,489.35
Adama,Under Armour Hoodie,2024-01-30,479.28
Adama,Vitamix Blender,2024-01-18,141.15
Adama,Vitamix Blender,2024-01-19,333.07
Adama,Vitamix Blender,2024-01-29,297.69
Adama,Vitamix Blender,2024-02-08,330.15
Adama,Wilson Tennis Racket,2024-01-19,224.59
Adama,Wilson Tennis Racket,2024-01-22,421.66
Adama,Wilson Tennis Racket,2024-02-01,306.1
Adama,Wilson Tennis Racket,2024-02-02,288.02
Adama,Wilson Tennis Racket,2024-02-04,211.72
Adama,Yoga Mat,2024-01-02,485.31
Adama,Yoga Mat,2024-01-12,458.12
Adama,iPhone 14,2024-01-01,184.78
Adama,iPhone 14,2024-01-10,237.82
Adama,iPhone 14,2024-01-12,357.41
Adama,iPhone 14,2024-01-18,248.42
Addis Ababa,Adidas Ultraboost,2024-01-06,21.28
Addis Ababa,Adidas Ultraboost,2024-01-09,39.16
Addis Ababa,Adidas Ultraboost,2024-01-19,356.92
Addis Ababa,Adidas Ultraboost,2024-01-28,250.36
Addis Ababa,Adidas Ultraboost,2024-02-01,150.49
Addis Ababa,Adidas Ultraboost,2024-02-04,355.22
Addis Ababa,Adidas Ultraboost,2024-02-06,373.25
Addis Ababa,Asus ROG Gaming Laptop,2024-01-04,65.22
Addis Ababa,Asus ROG Gaming Laptop,2024-01-09,372.61
Addis Ababa,Asus ROG Gaming Laptop,2024-01-13,160.2
Addis Ababa,Asus ROG Gaming Laptop,2024-01-17,136.38
Addis Ababa,Asus ROG Gaming Laptop,2024-01-24,37.38
Addis Ababa,Asus ROG Gaming Laptop,2024-01-25,393.66
Addis Ababa,Asus ROG Gaming Laptop,2024-01-29,344.37
Addis Ababa,Asus ROG Gaming Laptop,2024-01-31,467.52
Addis Ababa,Asus ROG Gaming Laptop,2024-02-10,58.63
Addis Ababa,Asus ROG Gaming Laptop,2024-02-11,461.51
Addis Ababa,Blender Bottle,2024-01-12,492.35
Addis Ababa,Blender Bottle,2024-01-16,340.54
Addis Ababa,Blender Bottle,2024-01-21,130.22
Addis Ababa,Blender Bottle,2024-01-29,224.85
Addis Ababa,Blender Bottle,2024-02-03,489.49
Addis Ababa,Blender Bottle,2024-02-09,45.99
Addis Ababa,Bose QuietComfort 35,2024-01-04,81.9
Addis Ababa,Bose QuietComfort 35,2024-02-03,206.57
Addis Ababa,Bose SoundLink Speaker,2024-01-03,160.99
Addis Ababa,Bose SoundLink Speaker,2024-01-08,291.15
Addis Ababa,Bose SoundLink Speaker,2024-01-31,470.91
Addis Ababa,Bose SoundLink Speaker,2024-02-05,319.82
Addis Ababa,Canon EOS R5 Camera,2024-01-08,18.98
Addis Ababa,Canon EOS R5 Camera,2024-01-22,645.46
Addis Ababa,Canon EOS R5 Camera,2024-02-08,49.1
Addis Ababa,Canon EOS R5 Camera,2024-02-11,391.97
Addis Ababa,Car Seat Cover,2024-01-11,440.76
Addis Ababa,Car Seat Cover,2024-01-12,99.08
Addis Ababa,Car Seat Cover,2024-01-16,272.48
Addis Ababa,Car Seat Cover,2024-01-25,462.12
Addis Ababa,Car Seat Cover,2024-01-29,86.07
Addis Ababa,Car Seat Cover,2024-01-30,128.65
Addis Ababa,Dell XPS 13 Laptop,2024-01-21,709.9300000000001
Addis Ababa,Dell XPS 13 Laptop,2024-01-24,355.40000000000003
Addis Ababa,Dell XPS 13 Laptop,2024-02-02,231.23
Addis Ababa,Desk Organizer,2024-01-11,410.59
Addis Ababa,Desk Organizer,2024-01-25,473.0
Addis Ababa,Desk Organizer,2024-02-01,17.2
Addis Ababa,Fitbit Charge 5,2024-01-05,441.12
Addis Ababa,Fitbit Charge 5,2024-01-19,223.82
Addis Ababa,Fitbit Charge 5,2024-02-10,406.05
Addis Ababa,Fossil Watch,2024-01-03,209.86
Addis Ababa,Fossil Watch,2024-02-01,301.25
Addis Ababa,GoPro Hero 11,2024-01-05,207.37
Addis Ababa,GoPro Hero 11,2024-01-06,453.78
Addis Ababa,GoPro Hero 11,2024-01-10,173.04
Addis Ababa,GoPro Hero 11,2024-01-16,414.05
Addis Ababa,Harry Potter Box Set,2024-01-14,442.83
Addis Ababa,Harry Potter Box Set,2024-01-27,675.06
Addis Ababa,Harry Potter Box Set,2024-02-07,447.04
Addis Ababa,Harry Potter Box Set,2024-02-08,367.81
Addis Ababa,Jabra Elite 75t,2024-01-16,128.97
Addis Ababa,Jabra Elite 75t,2024-01-17,16.99
Addis Ababa,Jabra Elite 75t,2024-01-21,100.7
Addis Ababa,Jabra Elite 75t,2024-02-03,45.26
Addis Ababa,Jabra Elite 75t,2024-02-06,277.9
Addis Ababa,KitchenAid Mixer,2024-01-01,84.38
Addis Ababa,KitchenAid Mixer,2024-01-03,299.67
Addis Ababa,KitchenAid Mixer,2024-01-11,174.91
Addis Ababa,KitchenAid Mixer,2024-01-12,363.77
Addis Ababa,KitchenAid Mixer,2024-01-20,148.08
Addis Ababa,KitchenAid Mixer,2024-02-05,400.78
Addis Ababa,LG Refrigerator,2024-01-04,268.33
Addis Ababa,LG Refrigerator,2024-01-05,118.59
Addis Ababa,LG Refrigerator,2024-01-18,93.93
Addis Ababa,LG Refrigerator,2024-01-31,452.69
Addis Ababa,LG Refrigerator,2024-02-01,291.73
Addis Ababa,LG Refrigerator,2024-02-08,410.37
Addis Ababa,Levi’s 501 Jeans,2024-01-02,161.23
Addis Ababa,Levi’s 501 Jeans,2024-01-15,158.44
Addis Ababa,Levi’s 501 Jeans,2024-01-29,471.48
Addis Ababa,Levi’s Jacket,2024-01-17,220.5
Addis Ababa,Levi’s Jacket,2024-01-19,368.09
Addis Ababa,Levi’s Jacket,2024-01-20,246.37
Addis Ababa,Levi’s Jacket,2024-01-22,336.36
Addis Ababa,L’Oreal Face Cream,2024-01-09,185.24
Addis Ababa,L’Oreal Face Cream,2024-01-12,37.53
Addis Ababa,L’Oreal Face Cream,2024-01-28,175.35
Addis Ababa,L’Oreal Face Cream,2024-01-29,75.37
Addis Ababa,L’Oreal Face Cream,2024-02-02,361.46
Addis Ababa,Maybelline Mascara,2024-01-04,329.43
Addis Ababa,Maybelline Mascara,2024-01-08,352.41
Addis Ababa,Maybelline Mascara,2024-01-09,218.94
Addis Ababa,Maybelline Mascara,2024-01-23,54.81
Addis Ababa,Maybelline Mascara,2024-01-26,294.8
Addis Ababa,Maybelline Mascara,2024-02-02,263.36
Addis Ababa,Maybelline Mascara,2024-02-07,151.2
Addis Ababa,Maybelline Mascara,2024-02-09,57.71
Addis Ababa,Monopoly Board Game,2024-01-04,421.62
Addis Ababa,Monopoly Board Game,2024-01-09,366.86
Addis Ababa,Monopoly Board Game,2024-01-13,79.84
Addis Ababa,Monopoly Board Game,2024-01-16,13.36
Addis Ababa,Monopoly Board Game,2024-01-30,57.55
Addis Ababa,Nike Air Max,2024-01-03,144.87
Addis Ababa,Nike Air Max,2024-01-06,332.72
Addis Ababa,Nike T-Shirt,2024-01-25,315.95
Addis Ababa,Nike T-Shirt,2024-02-04,47.05
Addis Ababa,Nintendo Switch,2024-01-05,128.19
Addis Ababa,Nintendo Switch,2024-01-25,428.61
Addis Ababa,Nintendo Switch,2024-01-30,493.14
Addis Ababa,Nintendo Switch,2024-02-09,231.55
Addis Ababa,Oculus Quest 2,2024-01-15,194.36
Addis Ababa,Oculus Quest 2,2024-01-26,428.6
Addis Ababa,Oculus Quest 2,2024-01-30,327.96
Addis Ababa,Oculus Quest 2,2024-02-05,294.49
Addis Ababa,Office Chair,2024-02-10,108.54
Addis Ababa,Philips Hue Smart Bulbs,2024-01-01,452.53
Addis Ababa,Puma Running Shoes,2024-01-06,254.54
Addis Ababa,Puma Running Shoes,2024-01-25,491.7
Addis Ababa,Puma Running Shoes,2024-01-27,254.62
Addis Ababa,Samsung Galaxy S23,2024-01-09,51.23
Addis Ababa,Samsung Galaxy S23,2024-02-01,277.01
Addis Ababa,Samsung Smartwatch,2024-01-01,57.03
Addis Ababa,Samsung Smartwatch,2024-01-07,401.21
Addis Ababa,Samsung Smartwatch,2024-02-09,327.57
Addis Ababa,Seiko Watch,2024-01-06,478.04
Addis Ababa,Seiko Watch,2024-01-27,351.38
Addis Ababa,Smeg Coffee Machine,2024-01-14,160.65
Addis Ababa,Smeg Coffee Machine,2024-01-29,177.03
Addis Ababa,Sony Bravia 4K TV,2024-02-10,213.91
Addis Ababa,Sony PlayStation 5,2024-01-11,214.58
Addis Ababa,Sony PlayStation 5,2024-01-14,272.07
Addis Ababa,Sony PlayStation 5,2024-01-15,36.98
Addis Ababa,Sony PlayStation 5,2024-01-17,75.34
Addis Ababa,Sony PlayStation 5,2024-01-27,162.92
Addis Ababa,Sony PlayStation 5,2024-02-07,686.4200000000001
Addis Ababa,Sony PlayStation 5,2024-02-10,304.99
Addis Ababa,TCL Smart TV,2024-01-20,353.11
Addis Ababa,TCL Smart TV,2024-01-21,28.81
Addis Ababa,TCL Smart TV,2024-01-26,409.71
Addis Ababa,TCL Smart TV,2024-02-01,100.33
Addis Ababa,TCL Smart TV,2024-02-10,370.48
Addis Ababa,Under Armour Hoodie,2024-01-18,73.2
Addis Ababa,Under Armour Hoodie,2024-01-23,490.37
Addis Ababa,Under Armour Hoodie,2024-01-28,62.95
Addis Ababa,Vitamix Blender,2024-01-04,232.08
Addis Ababa,Vitamix Blender,2024-01-06,451.23
Addis Ababa,Vitamix Blender,2024-01-20,90.42
Addis Ababa,Vitamix Blender,2024-01-25,86.57
Addis Ababa,Wilson Tennis Racket,2024-01-01,233.93
Addis Ababa,Wilson Tennis Racket,2024-01-07,20.26
Addis Ababa,Wilson Tennis Racket,2024-01-13,267.52
Addis Ababa,Wilson Tennis Racket,2024-01-14,532.3199999999999
Addis Ababa,Wilson Tennis Racket,2024-01-20,229.05
Addis Ababa,Yoga Mat,2024-01-15,308.73
Addis Ababa,Yoga Mat,2024-01-17,110.94
Addis Ababa,Yoga Mat,2024-02-09,364.8
Addis Ababa,iPhone 14,2024-01-02,313.05
Addis Ababa,iPhone 14,2024-01-06,172.05
Addis Ababa,iPhone 14,2024-01-07,137.15
Addis Ababa,iPhone 14,2024-01-19,422.75
Addis Ababa,iPhone 14,2024-02-10,268.41
Bahir Dar,Apple Watch Series 8,2024-01-06,42.32
Bahir Dar,Apple Watch Series 8,2024-01-14,39.69
Bahir Dar,Apple Watch Series 8,2024-01-24,205.35
Bahir Dar,Apple Watch Series 8,2024-01-29,427.84
Bahir Dar,Asus ROG Gaming Laptop,2024-01-03,201.69
Bahir Dar,Asus ROG Gaming Laptop,2024-01-19,470.24
Bahir Dar,Asus ROG Gaming Laptop,2024-01-21,206.78
Bahir Dar,Asus ROG Gaming Laptop,2024-01-22,245.97
Bahir Dar,Asus ROG Gaming Laptop,2024-01-24,175.66
Bahir Dar,Asus ROG Gaming Laptop,2024-02-08,36.84
Bahir Dar,Blender Bottle,2024-01-19,233.7
Bahir Dar,Bose QuietComfort 35,2024-01-01,188.12
Bahir Dar,Bose QuietComfort 35,2024-01-23,388.84
Bahir Dar,Bose QuietComfort 35,2024-02-04,559.0699999999999
Bahir Dar,Bose SoundLink Speaker,2024-01-10,231.82
Bahir Dar,Bose SoundLink Speaker,2024-01-15,185.87
Bahir Dar,Bose SoundLink Speaker,2024-01-21,437.94
Bahir Dar,Canon EOS R5 Camera,2024-01-17,450.24
Bahir Dar,Canon EOS R5 Camera,2024-01-20,152.85
Bahir Dar,Canon EOS R5 Camera,2024-01-24,318.79
Bahir Dar,Canon EOS R5 Camera,2024-01-25,399.46
Bahir Dar,Canon EOS R5 Camera,2024-01-30,249.19
Bahir Dar,Car Seat Cover,2024-01-27,122.74
Bahir Dar,Car Seat Cover,2024-02-02,428.17
Bahir Dar,Car Seat Cover,2024-02-11,456.9
Bahir Dar,Dell XPS 13 Laptop,2024-01-02,431.93
Bahir Dar,Dell XPS 13 Laptop,2024-01-05,430.35
Bahir Dar,Dell XPS 13 Laptop,2024-01-08,64.56
Bahir Dar,Dell XPS 13 Laptop,2024-01-23,82.22
Bahir Dar,Dell XPS 13 Laptop,2024-02-03,404.24
Bahir Dar,Desk Organizer,2024-01-07,468.36
Bahir Dar,Desk Organizer,2024-01-25,195.14
Bahir Dar,Desk Organizer,2024-01-29,331.06
Bahir Dar,Desk Organizer,2024-02-07,21.85
Bahir Dar,Fitbit Charge 5,2024-01-01,281.87
Bahir Dar,Fitbit Charge 5,2024-01-23,109.42
Bahir Dar,Fitbit Charge 5,2024-01-25,50.94
Bahir Dar,Fitbit Charge 5,2024-01-27,445.48
Bahir Dar,Fitbit Charge 5,2024-02-02,368.38
Bahir Dar,Fitbit Charge 5,2024-02-08,102.39
Bahir Dar,Fossil Watch,2024-01-02,570.97
Bahir Dar,Fossil Watch,2024-01-19,439.47
Bahir Dar,Fossil Watch,2024-01-22,60.54
Bahir Dar,Fossil Watch,2024-02-01,499.48
Bahir Dar,Fossil Watch,2024-02-04,210.85999999999999
Bahir Dar,GoPro Hero 11,2024-01-01,179.43
Bahir Dar,GoPro Hero 11,2024-01-25,123.24
Bahir Dar,GoPro Hero 11,2024-01-28,414.33
Bahir Dar,GoPro Hero 11,2024-02-11,211.2
Bahir Dar,Harry Potter Box Set,2024-01-09,169.4
Bahir Dar,Harry Potter Box Set,2024-01-27,23.05
Bahir Dar,Harry Potter Box Set,2024-02-03,465.2
Bahir Dar,Harry Potter Box Set,2024-02-05,382.8
Bahir Dar,Jabra Elite 75t,2024-01-11,300.81
Bahir Dar,Jabra Elite 75t,2024-01-17,116.68
Bahir Dar,Jabra Elite 75t,2024-01-20,208.29
Bahir Dar,Jabra Elite 75t,2024-01-21,265.67
Bahir Dar,Jabra Elite 75t,2024-01-26,339.01
Bahir Dar,Jabra Elite 75t,2024-02-09,62.34
Bahir Dar,KitchenAid Mixer,2024-01-02,497.18
Bahir Dar,KitchenAid Mixer,2024-02-10,26.25
Bahir Dar,LG Refrigerator,2024-01-04,126.81
Bahir Dar,LG Refrigerator,2024-01-10,308.48
Bahir Dar,LG Refrigerator,2024-01-19,372.92
Bahir Dar,LG Refrigerator,2024-01-30,23.76
Bahir Dar,LG Refrigerator,2024-02-01,24.95
Bahir Dar,Levi’s 501 Jeans,2024-01-31,423.74
Bahir Dar,Levi’s 501 Jeans,2024-02-01,30.37
Bahir Dar,Levi’s Jacket,2024-01-18,36.23
Bahir Dar,Levi’s Jacket,2024-02-01,626.9300000000001
Bahir Dar,L’Oreal Face Cream,2024-01-09,467.33
Bahir Dar,L’Oreal Face Cream,2024-01-11,198.43
Bahir Dar,L’Oreal Face Cream,2024-01-19,240.73
Bahir Dar,L’Oreal Face Cream,2024-02-07,203.27
Bahir Dar,Maybelline Mascara,2024-01-01,101.54
Bahir Dar,Maybelline Mascara,2024-01-09,42.63
Bahir Dar,Maybelline Mascara,2024-01-11,288.64
Bahir Dar,Maybelline Mascara,2024-01-16,341.7
Bahir Dar,Maybelline Mascara,2024-01-18,87.3
Bahir Dar,Maybelline Mascara,2024-02-06,448.58
Bahir Dar,Monopoly Board Game,2024-01-02,107.9
Bahir Dar,Monopoly Board Game,2024-01-03,225.58
Bahir Dar,Monopoly Board Game,2024-01-10,64.16
Bahir Dar,Monopoly Board Game,2024-01-16,187.92
Bahir Dar,Monopoly Board Game,2024-01-23,362.19
Bahir Dar,Monopoly Board Game,2024-02-04,23.19
Bahir Dar,Monopoly Board Game,2024-02-05,164.81
Bahir Dar,Monopoly Board Game,2024-02-07,225.48
Bahir Dar,Nike Air Max,2024-01-02,132.73
Bahir Dar,Nike Air Max,2024-01-03,294.0
Bahir Dar,Nike Air Max,2024-01-19,29.91
Bahir Dar,Nike Air Max,2024-01-24,494.91
Bahir Dar,Nike Air Max,2024-02-08,27.68
Bahir Dar,Nike T-Shirt,2024-01-05,244.01
Bahir Dar,Nike T-Shirt,2024-01-07,449.40999999999997
Bahir Dar,Nike T-Shirt,2024-01-27,428.62
Bahir Dar,Nike T-Shirt,2024-01-29,170.61
Bahir Dar,Nike T-Shirt,2024-01-31,401.53
Bahir Dar,Nike T-Shirt,2024-02-09,235.11
Bahir Dar,Nike T-Shirt,2024-02-11,340.2
Bahir Dar,Nintendo Switch,2024-01-08,270.95
Bahir Dar,Nintendo Switch,2024-01-09,10.7
Bahir Dar,Nintendo Switch,2024-01-17,289.07
Bahir Dar,Oculus Quest 2,2024-01-04,291.07
Bahir Dar,Oculus Quest 2,2024-01-31,28.5
Bahir Dar,Oculus Quest 2,2024-02-02,84.54
Bahir Dar,Oculus Quest 2,2024-02-03,364.18
Bahir Dar,Office Chair,2024-01-04,165.66
Bahir Dar,Office Chair,2024-01-14,484.23
Bahir Dar,Office Chair,2024-01-17,306.69
Bahir Dar,Office Chair,2024-01-27,71.23
Bahir Dar,Office Chair,2024-01-30,465.61
Bahir Dar,Office Chair,2024-02-07,60.92
Bahir Dar,Philips Hue Smart Bulbs,2024-01-04,37.34
Bahir Dar,Philips Hue Smart Bulbs,2024-01-05,890.78
Bahir Dar,Philips Hue Smart Bulbs,2024-01-08,279.84
Bahir Dar,Philips Hue Smart Bulbs,2024-01-12,323.21
Bahir Dar,Philips Hue Smart Bulbs,2024-01-16,483.73
Bahir Dar,Philips Hue Smart Bulbs,2024-01-21,164.36
Bahir Dar,Philips Hue Smart Bulbs,2024-01-25,70.61
Bahir Dar,Philips Hue Smart Bulbs,2024-01-26,357.0
Bahir Dar,Philips Hue Smart Bulbs,2024-02-02,55.17
Bahir Dar,Puma Running Shoes,2024-01-17,188.44
Bahir Dar,Puma Running Shoes,2024-02-02,601.39
Bahir Dar,Samsung Galaxy S23,2024-01-13,319.63
Bahir Dar,Samsung Galaxy S23,2024-01-16,483.56
Bahir Dar,Samsung Galaxy S23,2024-01-24,343.06
Bahir Dar,Samsung Galaxy S23,2024-02-03,399.76
Bahir Dar,Samsung Galaxy S23,2024-02-04,224.66
Bahir Dar,Samsung Galaxy S23,2024-02-06,16.35
Bahir Dar,Samsung Smartwatch,2024-01-02,157.88
Bahir Dar,Samsung Smartwatch,2024-01-22,21.34
Bahir Dar,Samsung Smartwatch,2024-02-01,192.79
Bahir Dar,Seiko Watch,2024-01-03,374.83
Bahir Dar,Seiko Watch,2024-01-08,283.71
Bahir Dar,Seiko Watch,2024-01-11,341.63
Bahir Dar,Seiko Watch,2024-01-15,190.07
Bahir Dar,Seiko Watch,2024-01-22,176.15
Bahir Dar,Seiko Watch,2024-01-27,496.47
Bahir Dar,Seiko Watch,2024-02-03,253.4
Bahir Dar,Smeg Coffee Machine,2024-01-07,240.23
Bahir Dar,Smeg Coffee Machine,2024-01-09,464.19
Bahir Dar,Smeg Coffee Machine,2024-01-13,229.32
Bahir Dar,Smeg Coffee Machine,2024-01-17,201.5
Bahir Dar,Smeg Coffee Machine,2024-02-04,390.58
Bahir Dar,Sony Bravia 4K TV,2024-01-08,299.51
Bahir Dar,Sony Bravia 4K TV,2024-01-15,56.8
Bahir Dar,Sony Bravia 4K TV,2024-01-17,159.99
Bahir Dar,Sony Bravia 4K TV,2024-02-06,102.38
Bahir Dar,Sony Bravia 4K TV,2024-02-08,372.27
Bahir Dar,Sony Bravia 4K TV,2024-02-09,157.88
Bahir Dar,Sony Bravia 4K TV,2024-02-11,197.28
Bahir Dar,Sony PlayStation 5,2024-01-07,269.18
Bahir Dar,Sony PlayStation 5,2024-01-29,341.71
Bahir Dar,Sony PlayStation 5,2024-01-31,457.06
Bahir Dar,Sony PlayStation 5,2024-02-05,86.83
Bahir Dar,TCL Smart TV,2024-01-13,245.95
Bahir Dar,TCL Smart TV,2024-02-05,50.63
Bahir Dar,TCL Smart TV,2024-02-11,295.54
Bahir Dar,Under Armour Hoodie,2024-02-02,374.35
Bahir Dar,Under Armour Hoodie,2024-02-03,366.21
Bahir Dar,Under Armour Hoodie,2024-02-06,266.36
Bahir Dar,Under Armour Hoodie,2024-02-07,196.24
Bahir Dar,Vitamix Blender,2024-01-01,409.21
Bahir Dar,Wilson Tennis Racket,2024-01-09,336.76
Bahir Dar,Wilson Tennis Racket,2024-01-24,96.39
Bahir Dar,Yoga Mat,2024-02-04,401.17
Bahir Dar,Yoga Mat,2024-02-07,223.45
Bahir Dar,iPhone 14,2024-01-01,465.79
Bahir Dar,iPhone 14,2024-01-25,474.61
Bahir Dar,iPhone 14,2024-01-28,416.89
Bahir Dar,iPhone 14,2024-02-01,491.88
Dire Dawa,Adidas Ultraboost,2024-01-06,473.89
Dire Dawa,Adidas Ultraboost,2024-01-10,277.77
Dire Dawa,Adidas Ultraboost,2024-01-23,542.43
Dire Dawa,Adidas Ultraboost,2024-01-25,434.44
Dire Dawa,Adidas Ultraboost,2024-02-03,323.97
Dire Dawa,Adidas Ultraboost,2024-02-06,113.79
Dire Dawa,Apple Watch Series 8,2024-01-05,422.07
Dire Dawa,Apple Watch Series 8,2024-01-24,313.47
Dire Dawa,Asus ROG Gaming Laptop,2024-01-09,393.45
Dire Dawa,Asus ROG Gaming Laptop,2024-01-14,82.08
Dire Dawa,Blender Bottle,2024-01-03,268.29
Dire Dawa,Blender Bottle,2024-01-16,401.58
Dire Dawa,Bose QuietComfort 35,2024-01-10,682.24
Dire Dawa,Bose QuietComfort 35,2024-01-26,159.62
Dire Dawa,Bose QuietComfort 35,2024-01-29,310.62
Dire Dawa,Bose SoundLink Speaker,2024-01-03,434.75
Dire Dawa,Bose SoundLink Speaker,2024-02-04,983.8199999999999
Dire Dawa,Bose SoundLink Speaker,2024-02-11,468.47
Dire Dawa,Canon EOS R5 Camera,2024-02-02,172.67
Dire Dawa,Car Seat Cover,2024-01-08,252.35
Dire Dawa,Car Seat Cover,2024-01-20,20.21
Dire Dawa,Car Seat Cover,2024-01-26,488.2
Dire Dawa,Car Seat Cover,2024-01-30,420.38
Dire Dawa,Car Seat Cover,2024-02-03,217.54
Dire Dawa,Dell XPS 13 Laptop,2024-01-07,256.71
Dire Dawa,Dell XPS 13 Laptop,2024-01-11,327.62
Dire Dawa,Dell XPS 13 Laptop,2024-01-13,334.58
Dire Dawa,Dell XPS 13 Laptop,2024-01-21,265.23
Dire Dawa,Desk Organizer,2024-01-03,91.89
Dire Dawa,Desk Organizer,2024-01-09,147.68
Dire Dawa,Desk Organizer,2024-01-31,65.59
Dire Dawa,Desk Organizer,2024-02-04,67.9
Dire Dawa,Desk Organizer,2024-02-09,469.16
Dire Dawa,Fitbit Charge 5,2024-01-15,134.81
Dire Dawa,Fitbit Charge 5,2024-01-26,31.28
Dire Dawa,Fitbit Charge 5,2024-01-29,363.27
Dire Dawa,Fitbit Charge 5,2024-02-02,473.84
Dire Dawa,Fossil Watch,2024-01-19,482.1
Dire Dawa,Fossil Watch,2024-01-23,484.9
Dire Dawa,Fossil Watch,2024-01-31,75.66
Dire Dawa,GoPro Hero 11,2024-01-05,371.18
Dire Dawa,GoPro Hero 11,2024-01-23,15.87
Dire Dawa,GoPro Hero 11,2024-02-06,441.64
Dire Dawa,Harry Potter Box Set,2024-01-02,345.63
Dire Dawa,Harry Potter Box Set,2024-01-03,199.49
Dire Dawa,Harry Potter Box Set,2024-01-10,335.1
Dire Dawa,Jabra Elite 75t,2024-01-04,509.32
Dire Dawa,Jabra Elite 75t,2024-01-05,329.0
Dire Dawa,Jabra Elite 75t,2024-01-06,69.34
Dire Dawa,KitchenAid Mixer,2024-01-08,499.15
Dire Dawa,KitchenAid Mixer,2024-01-13,327.36
Dire Dawa,KitchenAid Mixer,2024-01-15,17.5
Dire Dawa,KitchenAid Mixer,2024-01-20,263.51
Dire Dawa,KitchenAid Mixer,2024-01-26,41.72
Dire Dawa,KitchenAid Mixer,2024-01-28,43.15
Dire Dawa,KitchenAid Mixer,2024-02-09,184.17
Dire Dawa,LG Refrigerator,2024-01-08,467.48
Dire Dawa,LG Refrigerator,2024-01-12,257.75
Dire Dawa,LG Refrigerator,2024-02-03,151.05
Dire Dawa,Levi’s 501 Jeans,2024-01-17,255.69
Dire Dawa,Levi’s 501 Jeans,2024-01-22,429.08
Dire Dawa,Levi’s 501 Jeans,2024-02-06,365.73
Dire Dawa,Levi’s Jacket,2024-01-03,133.56
Dire Dawa,Levi’s Jacket,2024-01-09,435.56
Dire Dawa,Levi’s Jacket,2024-01-10,674.5799999999999
Dire Dawa,Levi’s Jacket,2024-01-15,351.53
Dire Dawa,Levi’s Jacket,2024-01-20,494.29
Dire Dawa,Levi’s Jacket,2024-02-05,28.55
Dire Dawa,Levi’s Jacket,2024-02-10,132.61
Dire Dawa,L’Oreal Face Cream,2024-01-09,32.13
Dire Dawa,L’Oreal Face Cream,2024-01-19,67.93
Dire Dawa,Maybelline Mascara,2024-01-13,449.26
Dire Dawa,Maybelline Mascara,2024-01-23,22.0
Dire Dawa,Maybelline Mascara,2024-01-30,58.53
Dire Dawa,Maybelline Mascara,2024-02-09,27.53
Dire Dawa,Monopoly Board Game,2024-01-05,138.36
Dire Dawa,Monopoly Board Game,2024-01-11,68.52
Dire Dawa,Monopoly Board Game,2024-01-14,277.75
Dire Dawa,Monopoly Board Game,2024-01-16,494.12
Dire Dawa,Monopoly Board Game,2024-01-21,449.48
Dire Dawa,Monopoly Board Game,2024-02-09,52.04
Dire Dawa,Nike Air Max,2024-01-21,112.29
Dire Dawa,Nike Air Max,2024-01-24,355.2
Dire Dawa,Nike Air Max,2024-01-28,273.12
Dire Dawa,Nike Air Max,2024-01-31,149.5
Dire Dawa,Nike Air Max,2024-02-06,296.32
Dire Dawa,Nike T-Shirt,2024-01-05,297.69
Dire Dawa,Nike T-Shirt,2024-01-10,449.63
Dire Dawa,Nike T-Shirt,2024-02-06,71.94
Dire Dawa,Nintendo Switch,2024-01-06,375.6
Dire Dawa,Nintendo Switch,2024-01-20,760.93
Dire Dawa,Nintendo Switch,2024-02-02,287.59
Dire Dawa,Nintendo Switch,2024-02-04,43.84
Dire Dawa,Nintendo Switch,2024-02-10,221.13
Dire Dawa,Oculus Quest 2,2024-01-10,270.0
Dire Dawa,Oculus Quest 2,2024-01-12,439.15
Dire Dawa,Oculus Quest 2,2024-01-22,153.39
Dire Dawa,Oculus Quest 2,2024-01-26,327.47
Dire Dawa,Office Chair,2024-01-05,130.33
Dire Dawa,Office Chair,2024-02-01,214.33
Dire Dawa,Philips Hue Smart Bulbs,2024-01-13,276.94
Dire Dawa,Puma Running Shoes,2024-01-05,154.73
Dire Dawa,Puma Running Shoes,2024-01-08,328.77
Dire Dawa,Puma Running Shoes,2024-01-16,390.82
Dire Dawa,Puma Running Shoes,2024-01-22,467.52
Dire Dawa,Puma Running Shoes,2024-01-30,317.25
Dire Dawa,Samsung Galaxy S23,2024-02-07,112.7
Dire Dawa,Samsung Smartwatch,2024-01-15,372.35
Dire Dawa,Samsung Smartwatch,2024-01-18,245.96
Dire Dawa,Samsung Smartwatch,2024-02-03,156.66
Dire Dawa,Samsung Smartwatch,2024-02-10,405.39
Dire Dawa,Seiko Watch,2024-01-12,396.31
Dire Dawa,Seiko Watch,2024-01-28,464.24
Dire Dawa,Seiko Watch,2024-02-05,60.53
Dire Dawa,Seiko Watch,2024-02-10,377.37
Dire Dawa,Smeg Coffee Machine,2024-01-14,199.81
Dire Dawa,Smeg Coffee Machine,2024-01-15,110.48
Dire Dawa,Smeg Coffee Machine,2024-01-23,225.85
Dire Dawa,Smeg Coffee Machine,2024-01-26,432.64
Dire Dawa,Smeg Coffee Machine,2024-01-29,438.94
Dire Dawa,Smeg Coffee Machine,2024-02-10,441.56
Dire Dawa,Sony Bravia 4K TV,2024-01-01,114.18
Dire Dawa,Sony Bravia 4K TV,2024-01-12,473.26
Dire Dawa,Sony Bravia 4K TV,2024-01-15,342.52
Dire Dawa,Sony Bravia 4K TV,2024-01-24,419.09
Dire Dawa,Sony Bravia 4K TV,2024-02-01,124.97
Dire Dawa,Sony Bravia 4K TV,2024-02-04,370.02
Dire Dawa,Sony Bravia 4K TV,2024-02-05,240.72
Dire Dawa,Sony PlayStation 5,2024-01-19,136.55
Dire Dawa,Sony PlayStation 5,2024-01-28,357.94
Dire Dawa,Sony PlayStation 5,2024-02-06,496.91
Dire Dawa,Sony PlayStation 5,2024-02-09,488.79
Dire Dawa,TCL Smart TV,2024-01-27,484.15
Dire Dawa,TCL Smart TV,2024-01-28,412.31
Dire Dawa,Under Armour Hoodie,2024-01-16,213.83
Dire Dawa,Under Armour Hoodie,2024-01-25,72.69
Dire Dawa,Vitamix Blender,2024-01-06,117.16
Dire Dawa,Vitamix Blender,2024-01-26,94.52
Dire Dawa,Vitamix Blender,2024-02-04,420.06
Dire Dawa,Wilson Tennis Racket,2024-01-03,125.31
Dire Dawa,Wilson Tennis Racket,2024-01-08,20.06
Dire Dawa,Wilson Tennis Racket,2024-01-10,185.42
Dire Dawa,Wilson Tennis Racket,2024-01-12,270.84
Dire Dawa,Wilson Tennis Racket,2024-01-19,372.36
Dire Dawa,Wilson Tennis Racket,2024-01-25,105.04
Dire Dawa,Wilson Tennis Racket,2024-01-30,143.15
Dire Dawa,Wilson Tennis Racket,2024-02-02,496.06
Dire Dawa,Wilson Tennis Racket,2024-02-03,408.77
Dire Dawa,Wilson Tennis Racket,2024-02-04,279.88
Dire Dawa,Wilson Tennis Racket,2024-02-05,677.76
Dire Dawa,Wilson Tennis Racket,2024-02-08,415.15
Dire Dawa,Yoga Mat,2024-01-02,82.8
Dire Dawa,Yoga Mat,2024-01-18,480.58
Dire Dawa,Yoga Mat,2024-01-21,273.2
Dire Dawa,Yoga Mat,2024-02-02,384.61
Dire Dawa,iPhone 14,2024-01-10,216.6
Dire Dawa,iPhone 14,2024-01-14,131.62
Dire Dawa,iPhone 14,2024-01-29,179.64
Dire Dawa,iPhone 14,2024-02-02,479.08
Hawassa,Adidas Ultraboost,2024-01-08,103.89
Hawassa,Adidas Ultraboost,2024-01-09,303.79
Hawassa,Adidas Ultraboost,2024-01-11,472.01
Hawassa,Apple Watch Series 8,2024-01-04,112.55
Hawassa,Apple Watch Series 8,2024-01-16,29.62
Hawassa,Apple Watch Series 8,2024-01-28,213.1
Hawassa,Apple Watch Series 8,2024-02-02,20.74
Hawassa,Asus ROG Gaming Laptop,2024-01-19,71.82
Hawassa,Asus ROG Gaming Laptop,2024-01-20,321.18
Hawassa,Asus ROG Gaming Laptop,2024-01-27,241.82000000000002
Hawassa,Asus ROG Gaming Laptop,2024-01-30,178.03
Hawassa,Blender Bottle,2024-01-23,226.94
Hawassa,Blender Bottle,2024-01-29,92.41
Hawassa,Bose QuietComfort 35,2024-01-14,807.43
Hawassa,Bose QuietComfort 35,2024-01-19,290.5
Hawassa,Bose QuietComfort 35,2024-02-05,30.5
Hawassa,Bose SoundLink Speaker,2024-01-04,421.03
Hawassa,Bose SoundLink Speaker,2024-01-12,172.89
Hawassa,Bose SoundLink Speaker,2024-01-13,270.84
Hawassa,Canon EOS R5 Camera,2024-01-05,361.45
Hawassa,Canon EOS R5 Camera,2024-01-23,307.2
Hawassa,Car Seat Cover,2024-01-25,426.44
Hawassa,Car Seat Cover,2024-01-28,140.54
Hawassa,Car Seat Cover,2024-02-11,419.91
Hawassa,Dell XPS 13 Laptop,2024-01-03,279.53
Hawassa,Dell XPS 13 Laptop,2024-01-04,444.53
Hawassa,Dell XPS 13 Laptop,2024-01-27,397.15999999999997
Hawassa,Dell XPS 13 Laptop,2024-02-11,172.25
Hawassa,Desk Organizer,2024-01-05,325.89
Hawassa,Desk Organizer,2024-02-01,481.57
Hawassa,Desk Organizer,2024-02-10,106.48
Hawassa,Fitbit Charge 5,2024-01-02,273.91
Hawassa,Fitbit Charge 5,2024-01-22,676.48
Hawassa,Fitbit Charge 5,2024-01-26,468.88
Hawassa,Fossil Watch,2024-01-20,187.54
Hawassa,Fossil Watch,2024-01-21,390.29
Hawassa,Fossil Watch,2024-01-22,201.5
Hawassa,GoPro Hero 11,2024-01-11,200.7
Hawassa,GoPro Hero 11,2024-01-17,291.15
Hawassa,GoPro Hero 11,2024-02-02,142.07
Hawassa,GoPro Hero 11,2024-02-04,86.16
Hawassa,Harry Potter Box Set,2024-01-13,208.91
Hawassa,Harry Potter Box Set,2024-01-19,379.81
Hawassa,Harry Potter Box Set,2024-01-20,491.32
Hawassa,Harry Potter Box Set,2024-01-21,31.76
Hawassa,Harry Potter Box Set,2024-02-05,107.85
Hawassa,Harry Potter Box Set,2024-02-08,360.47
Hawassa,Jabra Elite 75t,2024-01-15,347.74
Hawassa,Jabra Elite 75t,2024-01-28,405.78
Hawassa,KitchenAid Mixer,2024-01-07,361.74
Hawassa,KitchenAid Mixer,2024-02-08,450.75
Hawassa,LG Refrigerator,2024-01-04,233.13
Hawassa,LG Refrigerator,2024-01-05,249.15
Hawassa,LG Refrigerator,2024-01-11,90.87
Hawassa,LG Refrigerator,2024-01-12,390.64
Hawassa,LG Refrigerator,2024-01-13,302.90999999999997
Hawassa,LG Refrigerator,2024-01-18,212.51
Hawassa,LG Refrigerator,2024-01-28,162.0
Hawassa,Levi’s 501 Jeans,2024-01-18,320.05
Hawassa,Levi’s 501 Jeans,2024-01-23,278.58
Hawassa,Levi’s 501 Jeans,2024-01-24,108.25
Hawassa,Levi’s 501 Jeans,2024-01-26,98.25
Hawassa,Levi’s 501 Jeans,2024-02-11,101.1
Hawassa,Levi’s Jacket,2024-02-07,384.25
Hawassa,L’Oreal Face Cream,2024-01-02,237.83
Hawassa,L’Oreal Face Cream,2024-01-11,36.18
Hawassa,L’Oreal Face Cream,2024-01-15,210.38
Hawassa,L’Oreal Face Cream,2024-01-17,329.57
Hawassa,L’Oreal Face Cream,2024-01-18,146.09
Hawassa,L’Oreal Face Cream,2024-02-01,237.96
Hawassa,Maybelline Mascara,2024-01-14,352.27
Hawassa,Maybelline Mascara,2024-02-09,448.65
Hawassa,Monopoly Board Game,2024-01-16,95.36
Hawassa,Monopoly Board Game,2024-01-21,352.77
Hawassa,Nike Air Max,2024-01-05,140.53
Hawassa,Nike Air Max,2024-01-08,332.3
Hawassa,Nike Air Max,2024-02-03,107.91
Hawassa,Nike T-Shirt,2024-01-05,383.86
Hawassa,Nike T-Shirt,2024-01-09,360.67
Hawassa,Nike T-Shirt,2024-01-29,211.05
Hawassa,Nike T-Shirt,2024-02-08,488.56
Hawassa,Nintendo Switch,2024-01-19,449.53
Hawassa,Nintendo Switch,2024-01-24,269.73
Hawassa,Nintendo Switch,2024-01-30,348.91
Hawassa,Oculus Quest 2,2024-01-03,274.76
Hawassa,Oculus Quest 2,2024-01-05,269.19
Hawassa,Oculus Quest 2,2024-01-10,67.95
Hawassa,Oculus Quest 2,2024-01-18,101.23
Hawassa,Oculus Quest 2,2024-01-21,62.5
Hawassa,Oculus Quest 2,2024-01-28,339.53
Hawassa,Oculus Quest 2,2024-01-29,412.57
Hawassa,Oculus Quest 2,2024-02-08,92.6
Hawassa,Office Chair,2024-01-14,104.83
Hawassa,Office Chair,2024-01-15,429.01
Hawassa,Office Chair,2024-01-26,50.33
Hawassa,Office Chair,2024-02-01,377.96
Hawassa,Philips Hue Smart Bulbs,2024-01-07,255.85
Hawassa,Philips Hue Smart Bulbs,2024-02-03,440.67
Hawassa,Puma Running Shoes,2024-01-19,289.9
Hawassa,Puma Running Shoes,2024-01-20,351.46
Hawassa,Puma Running Shoes,2024-01-30,254.46
Hawassa,Samsung Galaxy S23,2024-01-12,220.77
Hawassa,Samsung Galaxy S23,2024-02-05,84.82
Hawassa,Samsung Galaxy S23,2024-02-10,189.44
Hawassa,Samsung Smartwatch,2024-02-01,112.79
Hawassa,Seiko Watch,2024-02-04,102.1
Hawassa,Seiko Watch,2024-02-08,299.03
Hawassa,Seiko Watch,2024-02-09,434.78
Hawassa,Smeg Coffee Machine,2024-01-08,142.18
Hawassa,Smeg Coffee Machine,2024-01-18,366.94
Hawassa,Smeg Coffee Machine,2024-01-27,94.61
Hawassa,Smeg Coffee Machine,2024-02-06,86.04
Hawassa,Sony Bravia 4K TV,2024-01-02,435.83
Hawassa,Sony Bravia 4K TV,2024-01-03,414.05
Hawassa,Sony Bravia 4K TV,2024-01-05,441.5
Hawassa,Sony Bravia 4K TV,2024-01-20,178.13
Hawassa,Sony Bravia 4K TV,2024-01-24,372.84
Hawassa,Sony Bravia 4K TV,2024-02-08,28.91
Hawassa,Sony PlayStation 5,2024-01-07,446.66
Hawassa,Sony PlayStation 5,2024-01-11,499.04
Hawassa,Sony PlayStation 5,2024-01-16,416.81
Hawassa,Sony PlayStation 5,2024-01-18,200.7
Hawassa,Sony PlayStation 5,2024-01-27,364.26
Hawassa,Sony PlayStation 5,2024-02-09,494.62
Hawassa,Sony PlayStation 5,2024-02-10,474.45
Hawassa,Sony PlayStation 5,2024-02-11,110.93
Hawassa,TCL Smart TV,2024-01-27,390.81
Hawassa,Under Armour Hoodie,2024-01-02,364.51
Hawassa,Under Armour Hoodie,2024-01-06,332.79
Hawassa,Under Armour Hoodie,2024-01-07,226.8
Hawassa,Under Armour Hoodie,2024-01-15,116.07
Hawassa,Under Armour Hoodie,2024-01-16,315.72
Hawassa,Under Armour Hoodie,2024-01-18,335.67
Hawassa,Under Armour Hoodie,2024-02-07,366.28
Hawassa,Vitamix Blender,2024-01-06,354.42
Hawassa,Vitamix Blender,2024-01-14,219.29
Hawassa,Vitamix Blender,2024-01-22,433.94
Hawassa,Vitamix Blender,2024-02-05,21.37
Hawassa,Vitamix Blender,2024-02-07,195.23
Hawassa,Wilson Tennis Racket,2024-01-02,347.7
Hawassa,Wilson Tennis Racket,2024-01-06,289.68
Hawassa,Wilson Tennis Racket,2024-01-22,39.12
Hawassa,Wilson Tennis Racket,2024-01-23,248.46
Hawassa,Wilson Tennis Racket,2024-01-28,90.05
Hawassa,Wilson Tennis Racket,2024-01-31,347.03
Hawassa,Wilson Tennis Racket,2024-02-06,460.82
Hawassa,Yoga Mat,2024-01-18,776.77
Hawassa,Yoga Mat,2024-01-25,155.46
Hawassa,Yoga Mat,2024-01-30,360.28
Hawassa,iPhone 14,2024-01-03,469.6
Hawassa,iPhone 14,2024-01-06,353.29
Hawassa,iPhone 14,2024-01-12,262.68
Hawassa,iPhone 14,2024-01-22,249.79
Hawassa,iPhone 14,2024-01-27,78.92
Jimma,Apple Watch Series 8,2024-02-08,219.79
Jimma,Asus ROG Gaming Laptop,2024-01-01,109.47
Jimma,Asus ROG Gaming Laptop,2024-01-04,216.1
Jimma,Asus ROG Gaming Laptop,2024-01-18,285.54
Jimma,Asus ROG Gaming Laptop,2024-02-07,70.92
Jimma,Asus ROG Gaming Laptop,2024-02-10,167.82
Jimma,Blender Bottle,2024-01-01,166.9
Jimma,Blender Bottle,2024-01-16,443.42
Jimma,Blender Bottle,2024-01-26,25.28
Jimma,Blender Bottle,2024-01-31,23.83
Jimma,Blender Bottle,2024-02-09,424.85
Jimma,Bose QuietComfort 35,2024-01-07,470.61
Jimma,Bose QuietComfort 35,2024-01-31,242.32
Jimma,Bose QuietComfort 35,2024-02-04,235.62
Jimma,Bose QuietComfort 35,2024-02-05,26.36
Jimma,Bose SoundLink Speaker,2024-01-01,37.15
Jimma,Bose SoundLink Speaker,2024-01-09,78.75
Jimma,Bose SoundLink Speaker,2024-01-10,49.19
Jimma,Bose SoundLink Speaker,2024-02-02,437.54
Jimma,Canon EOS R5 Camera,2024-01-11,165.75
Jimma,Car Seat Cover,2024-01-07,281.54
Jimma,Car Seat Cover,2024-01-24,224.32
Jimma,Dell XPS 13 Laptop,2024-01-14,299.72
Jimma,Dell XPS 13 Laptop,2024-01-29,422.88
Jimma,Dell XPS 13 Laptop,2024-02-04,428.62
Jimma,Desk Organizer,2024-01-11,313.12
Jimma,Desk Organizer,2024-01-12,219.49
Jimma,Desk Organizer,2024-01-13,425.48
Jimma,Desk Organizer,2024-01-30,266.91
Jimma,Desk Organizer,2024-02-03,377.08
Jimma,Fitbit Charge 5,2024-01-09,348.1
Jimma,Fitbit Charge 5,2024-01-13,61.35
Jimma,Fitbit Charge 5,2024-01-23,144.56
Jimma,Fitbit Charge 5,2024-01-29,332.56
Jimma,Fitbit Charge 5,2024-02-11,314.22
Jimma,Fossil Watch,2024-01-30,132.64
Jimma,GoPro Hero 11,2024-01-06,252.8
Jimma,GoPro Hero 11,2024-01-21,279.95
Jimma,GoPro Hero 11,2024-02-06,487.27
Jimma,GoPro Hero 11,2024-02-07,60.84
Jimma,Harry Potter Box Set,2024-01-07,379.99
Jimma,Harry Potter Box Set,2024-01-28,275.23
Jimma,Jabra Elite 75t,2024-01-11,152.59
Jimma,Jabra Elite 75t,2024-01-13,97.66
Jimma,KitchenAid Mixer,2024-01-03,87.77
Jimma,KitchenAid Mixer,2024-01-13,178.42
Jimma,KitchenAid Mixer,2024-01-18,444.98
Jimma,KitchenAid Mixer,2024-01-24,232.42
Jimma,KitchenAid Mixer,2024-01-28,472.56
Jimma,LG Refrigerator,2024-01-10,477.91
Jimma,LG Refrigerator,2024-01-17,436.48
Jimma,LG Refrigerator,2024-01-18,400.62
Jimma,LG Refrigerator,2024-01-25,580.8900000000001
Jimma,LG Refrigerator,2024-01-29,143.08
Jimma,LG Refrigerator,2024-02-10,151.34
Jimma,Levi’s 501 Jeans,2024-01-02,62.55
Jimma,Levi’s 501 Jeans,2024-01-08,243.38
Jimma,Levi’s 501 Jeans,2024-01-17,333.6
Jimma,Levi’s 501 Jeans,2024-02-07,104.79
Jimma,Levi’s Jacket,2024-01-02,225.26
Jimma,Levi’s Jacket,2024-01-06,130.31
Jimma,Levi’s Jacket,2024-01-08,205.08
Jimma,L’Oreal Face Cream,2024-01-01,68.9
Jimma,L’Oreal Face Cream,2024-01-08,191.62
Jimma,L’Oreal Face Cream,2024-01-22,435.11
Jimma,L’Oreal Face Cream,2024-01-25,417.25
Jimma,Maybelline Mascara,2024-01-12,895.24
Jimma,Maybelline Mascara,2024-01-15,369.45
Jimma,Maybelline Mascara,2024-02-08,448.98
Jimma,Monopoly Board Game,2024-02-08,448.41
Jimma,Nike Air Max,2024-01-02,367.18
Jimma,Nike Air Max,2024-01-13,383.91
Jimma,Nike T-Shirt,2024-01-29,273.81
Jimma,Nike T-Shirt,2024-02-10,278.7
Jimma,Nintendo Switch,2024-01-09,307.95
Jimma,Nintendo Switch,2024-01-16,427.79
Jimma,Nintendo Switch,2024-01-27,51.77
Jimma,Oculus Quest 2,2024-01-06,437.44
Jimma,Oculus Quest 2,2024-01-08,60.28
Jimma,Oculus Quest 2,2024-01-21,76.96
Jimma,Oculus Quest 2,2024-01-30,431.32
Jimma,Office Chair,2024-01-01,132.53
Jimma,Office Chair,2024-01-24,88.78
Jimma,Office Chair,2024-02-05,252.17
Jimma,Office Chair,2024-02-07,259.07
Jimma,Philips Hue Smart Bulbs,2024-01-07,181.67
Jimma,Philips Hue Smart Bulbs,2024-01-22,302.09
Jimma,Philips Hue Smart Bulbs,2024-01-24,393.36
Jimma,Philips Hue Smart Bulbs,2024-01-27,312.92
Jimma,Philips Hue Smart Bulbs,2024-02-06,114.85
Jimma,Puma Running Shoes,2024-01-11,433.0
Jimma,Puma Running Shoes,2024-01-28,165.37
Jimma,Puma Running Shoes,2024-02-04,358.24
Jimma,Puma Running Shoes,2024-02-11,393.08
Jimma,Samsung Galaxy S23,2024-01-01,11.66
Jimma,Samsung Galaxy S23,2024-01-12,267.76
Jimma,Samsung Galaxy S23,2024-02-07,314.71
Jimma,Samsung Smartwatch,2024-01-03,208.22
Jimma,Samsung Smartwatch,2024-01-08,122.59
Jimma,Seiko Watch,2024-01-04,95.19
Jimma,Seiko Watch,2024-01-07,502.24
Jimma,Seiko Watch,2024-01-15,191.21
Jimma,Seiko Watch,2024-01-17,456.09
Jimma,Seiko Watch,2024-02-11,433.42
Jimma,Smeg Coffee Machine,2024-01-20,284.35
Jimma,Smeg Coffee Machine,2024-01-29,207.2
Jimma,Sony Bravia 4K TV,2024-01-03,482.89
Jimma,Sony Bravia 4K TV,2024-01-09,11.98
Jimma,Sony Bravia 4K TV,2024-01-31,243.63
Jimma,Sony PlayStation 5,2024-01-22,270.21
Jimma,Sony PlayStation 5,2024-01-30,118.78
Jimma,Sony PlayStation 5,2024-02-05,64.48
Jimma,TCL Smart TV,2024-01-01,266.17
Jimma,TCL Smart TV,2024-01-17,114.01
Jimma,TCL Smart TV,2024-02-01,170.3
Jimma,Under Armour Hoodie,2024-01-24,236.56
Jimma,Under Armour Hoodie,2024-01-25,169.96
Jimma,Vitamix Blender,2024-01-01,158.2
Jimma,Vitamix Blender,2024-01-02,426.36
Jimma,Vitamix Blender,2024-01-10,216.78
Jimma,Vitamix Blender,2024-01-20,442.74
Jimma,Vitamix Blender,2024-01-22,324.57
Jimma,Vitamix Blender,2024-02-09,221.43
Jimma,Wilson Tennis Racket,2024-01-21,297.49
Jimma,Wilson Tennis Racket,2024-01-24,304.26
Jimma,Wilson Tennis Racket,2024-01-26,307.81
Jimma,Wilson Tennis Racket,2024-02-03,289.42
Jimma,Yoga Mat,2024-01-01,109.63
Jimma,Yoga Mat,2024-01-06,461.03999999999996
Jimma,Yoga Mat,2024-01-15,202.26
Jimma,Yoga Mat,2024-01-17,411.84
Jimma,Yoga Mat,2024-01-28,75.49
Jimma,Yoga Mat,2024-02-10,48.68
Jimma,iPhone 14,2024-01-03,258.1
Jimma,iPhone 14,2024-01-07,394.28
Jimma,iPhone 14,2024-01-12,198.74
Jimma,iPhone 14,2024-01-13,238.65
